company_id,name,search_rating,review_count,overall_rating,복지/급여,워라밸,사내문화,승진 기회,경영진,기업 추천율,CEO 지지율,성장 가능성,검색기업명
361502,(주)디에스아키종합건설,1.0,3,1.0,1.3,1.3,1.0,1.0,1.0,0%,0%,0%,디에스아키종합건설
81448,(주)더샵스토리,1.9,18,1.9,1.7,2.6,2.0,1.8,1.9,11%,28%,0%,더샵스토리
269909,에스오에이치(주),0.0,0,0.0,0.0,0.0,0.0,0.0,0.0,0%,0%,0%,에스오에이치
415960,에이씨이엠에이인슈코리아(유),4.0,1,4.0,3.0,4.0,4.0,4.0,5.0,100%,0%,0%,인슈코
368348,(주)디엔와이,1.7,7,1.7,1.7,1.6,2.3,2.6,1.6,0%,14%,14%,디엔와이
57464,(주)일지테크,2.5,179,2.5,2.4,2.2,2.4,2.5,2.2,26%,31%,17%,일지테크
450757,(주)한동이엔지,4.0,1,4.0,4.0,5.0,5.0,4.0,4.0,0%,100%,0%,한동이엔지
409903,(유)성현이엔지,1.0,1,1.0,1.0,5.0,1.0,1.0,1.0,0%,0%,0%,성현이엔지
48752,(주)한국시세이도,2.3,324,2.3,2.2,2.5,2.2,2.3,1.9,23%,31%,6%,이도
7630,케이에이치테크,1.3,8,1.3,1.1,1.4,1.3,1.4,1.1,0%,0%,0%,이에이치테크
95173,(주)퓨젠바이오,3.5,11,3.5,2.6,3.6,3.2,3.7,3.4,55%,56%,45%,퓨젠
326291,(주)현대솔라원,2.0,1,2.0,1.0,5.0,1.0,1.0,1.0,0%,0%,0%,솔라원
269921,레드후드(주),0.0,0,0.0,0.0,0.0,0.0,0.0,0.0,0%,0%,0%,레드후드
370986,(주)엠엠에스테크,4.0,1,4.0,4.0,4.0,5.0,4.0,5.0,100%,100%,0%,엠엠에스테크
150531,상아테크(주),0.0,0,0.0,0.0,0.0,0.0,0.0,0.0,0%,0%,0%,상아테크
81936,대원농산,0.0,0,0.0,0.0,0.0,0.0,0.0,0.0,0%,0%,0%,대원농산
155903,브라토(주),2.0,4,2.0,1.5,3.0,1.8,1.0,1.5,0%,25%,25%,브라토
374486,(주)킨다그로스,3.4,89,3.4,3.4,4.3,3.6,3.2,3.0,58%,61%,45%,그로스
341842,화이트디자인(주),0.0,0,0.0,0.0,0.0,0.0,0.0,0.0,0%,0%,0%,화이트디자인
360966,(주)피앤씨랩스,2.2,124,2.2,2.3,2.3,2.0,2.1,1.8,16%,27%,13%,피앤씨랩스
44165,그랜드코리아레저(주),3.1,544,3.1,3.5,3.4,2.4,2.0,2.4,53%,42%,14%,그랜드코리아레저
98325,라은엘앤씨(주),0.0,0,0.0,0.0,0.0,0.0,0.0,0.0,0%,0%,0%,라은엘앤씨
203603,(주)피에스디테크놀러지스,1.3,24,1.3,1.3,1.9,1.8,1.7,1.5,0%,8%,0%,에스디테크
138728,엘지건재산업(주),3.0,1,3.0,4.0,4.0,3.0,3.0,3.0,0%,0%,100%,엘지건재산업
163953,팀에어월드(주),0.0,0,0.0,0.0,0.0,0.0,0.0,0.0,0%,0%,0%,팀에어월드
315229,어진샘 노인종합복지관,1.5,22,1.5,1.6,1.8,1.5,1.7,1.4,5%,5%,0%,어진
390287,(주)스탠더스,2.5,2,2.5,2.5,2.0,2.0,3.0,1.0,0%,50%,0%,스탠더스
275071,성림이엔씨(주),0.0,0,0.0,0.0,0.0,0.0,0.0,0.0,0%,0%,0%,성림이엔씨
9120,참바다영어조합법인,2.3,14,2.3,2.1,2.0,1.9,2.6,2.1,7%,23%,29%,동강공산자율어업공동체 영어조합법인
245355,에스피에프에이(주),2.3,3,2.3,3.0,1.0,3.0,3.7,1.7,33%,0%,0%,에스피에프에이
166739,성지영농조합법인,0.0,0,0.0,0.0,0.0,0.0,0.0,0.0,0%,0%,0%,성지영농조합법인
87131,(주)씨에스리더,3.1,184,3.1,3.4,3.4,3.1,2.9,2.5,40%,53%,14%,씨에스리
304779,유등종합건설(주),0.0,0,0.0,0.0,0.0,0.0,0.0,0.0,0%,0%,0%,유등종합건설
179467,성일운수(주),0.0,0,0.0,0.0,0.0,0.0,0.0,0.0,0%,0%,0%,성일운수
261361,삼일개발(주),0.0,0,0.0,0.0,0.0,0.0,0.0,0.0,0%,0%,0%,삼일개발
161151,백율엔지니어링(주),0.0,0,0.0,0.0,0.0,0.0,0.0,0.0,0%,0%,0%,백율엔지니어링
371903,(주)도리도리,1.0,1,1.0,1.0,4.0,4.0,3.0,1.0,0%,0%,0%,도리도리
207567,원다하이테크(주),0.0,0,0.0,0.0,0.0,0.0,0.0,0.0,0%,0%,0%,원다하이테크
319795,제이에이치글로벌,2.3,3,2.3,2.3,2.7,1.7,1.7,1.3,33%,33%,0%,제이에이치글로벌
11676,JW중외제약(주),2.7,799,2.7,2.8,2.8,2.4,2.7,2.2,36%,37%,14%,제이더블유
53057,(주)네오리진,2.6,74,2.6,2.5,3.2,2.5,2.4,1.9,22%,25%,3%,오리진
81225,데크씨에스피(주),2.5,2,2.5,2.0,3.5,2.0,3.0,2.0,0%,0%,0%,데크씨에스피
281949,(주)두오모,2.2,58,2.2,2.0,2.8,2.0,2.3,1.7,21%,23%,22%,두오모
306892,무한전력(주),0.0,0,0.0,0.0,0.0,0.0,0.0,0.0,0%,0%,0%,무한전력
377489,(주)화일에이씨에스,1.3,9,1.3,1.3,2.1,1.4,1.1,1.0,0%,0%,0%,화일에이씨에스
414357,(주)백억전자,2.0,4,2.0,1.5,1.8,1.8,3.0,2.0,25%,50%,25%,백억전자
267854,성진이엔씨(주),2.6,5,2.6,1.8,2.8,2.4,1.8,2.0,0%,0%,0%,성진이엔씨
63378,(주)엠제이플렉스,2.8,402,2.8,2.5,2.7,2.5,2.4,2.4,40%,44%,16%,엠제이
342095,(주)눈사람이노베이션,3.3,4,3.3,2.8,3.8,4.3,2.8,2.8,25%,25%,25%,눈사람이노베이션
222706,동재공업(주),1.9,21,1.9,2.0,2.1,1.9,2.1,1.6,0%,19%,0%,동재공업
188426,대동정공(주),0.0,0,0.0,0.0,0.0,0.0,0.0,0.0,0%,0%,0%,대동정공
267430,진영수산(주),0.0,0,0.0,0.0,0.0,0.0,0.0,0.0,0%,0%,0%,진영수산
178572,대광정보통신(주),4.0,2,4.0,2.0,3.0,4.0,3.0,3.5,100%,100%,0%,대광정보통신
303274,대산교통(주),0.0,0,0.0,0.0,0.0,0.0,0.0,0.0,0%,0%,0%,대산교통
264900,씨.에이치.티(주),0.0,0,0.0,0.0,0.0,0.0,0.0,0.0,0%,0%,0%,씨.에이치.티
386786,(주)오브젝트컴퍼니,3.0,2,3.0,2.5,3.0,3.0,2.5,2.5,50%,50%,50%,오브젝트컴퍼니
423944,(주)제노코어비에스,2.5,2,2.5,3.0,4.0,3.0,1.0,2.0,0%,50%,0%,제노코어비에스
309531,다다통상(주),4.0,2,4.0,3.0,4.5,4.0,3.5,4.5,50%,100%,50%,다다통상
468343,사회복지법인 에덴복지재단 에덴하우스,2.0,1,2.0,3.0,2.0,2.0,2.0,1.0,0%,0%,0%,덴하우스
149151,유진전기감리(주),1.0,1,1.0,1.0,2.0,1.0,1.0,1.0,0%,0%,0%,유진전기
250879,(주)상도테크,1.6,10,1.6,1.9,2.1,1.4,1.6,1.5,20%,20%,20%,상도테크
373327,(주)닥터아임,2.0,6,2.0,2.5,2.7,2.0,2.3,2.3,33%,67%,33%,닥터아임
158742,에스케이와이에프에이(주),0.0,0,0.0,0.0,0.0,0.0,0.0,0.0,0%,0%,0%,에스케이와이에프에이
199881,(주)씨엠에이글로벌,1.8,194,1.8,1.4,1.7,2.0,1.9,1.6,10%,21%,11%,엠에이
158769,신화웰텍(주),0.0,0,0.0,0.0,0.0,0.0,0.0,0.0,0%,0%,0%,신화웰텍
321099,(주)브레드이발소,2.9,61,2.9,2.6,2.6,2.9,3.3,2.3,43%,46%,61%,몬스터스튜디오
131536,동남유화(주),2.1,8,2.1,2.4,2.6,1.8,2.0,1.9,25%,29%,0%,동남유화
101838,에이에스엔지니어링(주),2.8,9,2.8,2.6,4.1,2.8,1.9,2.3,22%,33%,33%,이에스엔지니어링
448220,화신노블레스(주),0.0,0,0.0,0.0,0.0,0.0,0.0,0.0,0%,0%,0%,화신노블레스
366728,(주)티맥스에이앤씨,2.4,244,2.4,3.4,2.9,2.5,2.5,1.6,23%,17%,4%,티맥스에이앤씨
252021,세강엔지니어링(주),2.0,1,2.0,1.0,1.0,1.0,1.0,1.0,0%,0%,0%,세강엔지니어링
397345,(주)동보바이오,1.0,1,1.0,3.0,2.0,2.0,2.0,4.0,0%,100%,0%,동보바이오
75303,부성리싸이클링,0.0,0,0.0,0.0,0.0,0.0,0.0,0.0,0%,0%,0%,부성리싸이클링
461490,(주)아이티혜윰,1.0,1,1.0,1.0,1.0,1.0,2.0,1.0,0%,0%,0%,아이티혜윰
189893,예원종합건설(주),0.0,0,0.0,0.0,0.0,0.0,0.0,0.0,0%,0%,0%,예원종합건설
150503,씨앤디산업(주),0.0,0,0.0,0.0,0.0,0.0,0.0,0.0,0%,0%,0%,씨앤디산업
68426,(주)아바텍,2.3,162,2.3,2.6,2.0,2.3,2.2,2.0,18%,27%,17%,아바텍
341472,(주)나팔꽃에프앤비,1.3,43,1.3,1.4,1.3,1.3,1.6,1.2,5%,7%,5%,나팔꽃에프앤비
98105,우리엔지니어링(주),2.2,10,2.2,2.6,2.4,1.9,1.7,1.6,20%,30%,0%,우리엔지니어링
279822,대표건설(주),0.0,0,0.0,0.0,0.0,0.0,0.0,0.0,0%,0%,0%,대표건설
109661,(주)삼성포장기,0.0,0,0.0,0.0,0.0,0.0,0.0,0.0,0%,0%,0%,삼성포장기
411644,(주)제이에스파트너스개발,4.0,2,4.0,3.0,4.0,3.5,4.0,3.5,50%,50%,50%,제이에스파트너스개발
88833,케이티마린,2.4,14,2.4,2.1,2.9,2.4,2.8,1.9,21%,33%,14%,케이티마린
127889,대덕종합부품(주),4.0,1,4.0,3.0,2.0,4.0,2.0,3.0,0%,100%,0%,종합부품
172306,은산기업(주),0.0,0,0.0,0.0,0.0,0.0,0.0,0.0,0%,0%,0%,은산기업
68281,아우라시스,1.8,12,1.8,1.4,1.8,2.3,2.1,1.3,8%,17%,8%,아우라시스
54940,진생바이팜,0.0,0,0.0,0.0,0.0,0.0,0.0,0.0,0%,0%,0%,진생바이팜
213475,화옥산업(주),0.0,0,0.0,0.0,0.0,0.0,0.0,0.0,0%,0%,0%,화옥산업
253831,나비드키친웨어(주),2.5,2,2.5,2.5,3.5,3.0,1.5,2.5,0%,0%,0%,나비드키친웨어
62703,예카뱅크(주),3.3,3,3.3,2.0,3.7,4.0,3.3,3.3,67%,33%,0%,카뱅크
329175,경상북도농업기술원,3.6,66,3.6,2.8,4.1,3.1,2.1,3.0,71%,71%,15%,도농
280650,문경레저타운(주),2.0,1,2.0,2.0,4.0,1.0,1.0,1.0,0%,0%,0%,문경레저타운
61952,와이앤바이오(주),0.0,0,0.0,0.0,0.0,0.0,0.0,0.0,0%,0%,0%,와이앤바이오
173143,백산종합건설(주),3.0,1,3.0,4.0,3.0,3.0,3.0,3.0,0%,100%,0%,백산종합건설
327948,(주)월메이드,2.1,15,2.1,2.0,1.9,2.2,2.0,2.1,13%,27%,13%,월메이드
249405,혁성실업(주),2.4,33,2.4,3.2,1.7,1.9,2.0,2.0,18%,39%,12%,혁성
90752,삼원특수지(주),3.0,124,3.0,2.7,3.2,2.5,2.5,2.5,48%,55%,31%,삼원특수지
223261,메이플트리로그코리아용인(주),0.0,0,0.0,0.0,0.0,0.0,0.0,0.0,0%,0%,0%,메이플트리로그코리아용인
252359,(주)한양건설,2.1,23,2.1,1.8,2.2,2.1,2.4,1.7,26%,17%,9%,한양건설
335355,바투기획,1.7,18,1.7,1.4,1.5,2.1,2.1,1.6,11%,22%,6%,바투
444335,(주)히어리스트,0.0,0,0.0,0.0,0.0,0.0,0.0,0.0,0%,0%,0%,히어리
159419,(주)프로텍트어베드코리아,2.0,25,2.0,2.0,2.7,1.6,2.1,2.0,24%,28%,8%,프로텍트어베드코리아
163943,(주)원우구조,4.4,7,4.4,3.0,3.1,3.9,4.0,4.0,100%,100%,14%,원우구조
276839,동국엔지니어링(주),5.0,1,5.0,3.0,4.0,4.0,5.0,4.0,100%,100%,0%,동국엔지니어링
176647,삼정주판(주),0.0,0,0.0,0.0,0.0,0.0,0.0,0.0,0%,0%,0%,삼정주판
121368,성흠교역(주),0.0,0,0.0,0.0,0.0,0.0,0.0,0.0,0%,0%,0%,성흠교역
467772,(주)제이엘씨,1.0,1,1.0,1.0,3.0,1.0,3.0,1.0,0%,0%,0%,제이엘씨
295006,울산송정종합조경(주),0.0,0,0.0,0.0,0.0,0.0,0.0,0.0,0%,0%,0%,울산송정종합조경
59663,(주)유창이앤씨,1.7,85,1.7,1.6,1.6,1.7,1.9,1.6,8%,19%,8%,유창이앤씨
201059,휴먼엘지(주),0.0,0,0.0,0.0,0.0,0.0,0.0,0.0,0%,0%,0%,휴먼엘지
429328,피엘에쓰(주),1.0,1,1.0,1.0,1.0,1.0,1.0,1.0,0%,0%,0%,피엘에쓰
198568,유진종합건설(주),4.0,1,4.0,2.0,4.0,3.0,3.0,4.0,100%,100%,100%,유진종합건설
350164,(주)범아상사,1.8,24,1.8,2.0,1.5,1.8,1.7,1.6,17%,17%,8%,범아상사
319340,문예원글로피아,1.6,26,1.6,1.7,1.4,2.0,2.3,1.5,19%,23%,4%,예원
62221,(주)오피스디포코리아,2.6,239,2.6,1.9,3.3,2.6,2.6,2.1,22%,28%,11%,오피스디포코리아
425238,(주)케이티에스프린텍,5.0,1,5.0,4.0,5.0,5.0,2.0,5.0,100%,100%,0%,케이티에스프린텍
50849,(주)티엔아이,2.9,39,2.9,2.7,2.8,3.3,2.9,2.3,26%,30%,15%,에스엠텍
207901,엔씨씨디지탈(주),0.0,0,0.0,0.0,0.0,0.0,0.0,0.0,0%,0%,0%,엔씨씨디지탈
213689,효동항업(주),2.7,3,2.7,2.3,2.3,2.0,2.0,1.7,33%,33%,33%,효동항업
273067,덕산건설(주),0.0,0,0.0,0.0,0.0,0.0,0.0,0.0,0%,0%,0%,덕산건설
376839,(주)아프로시스템즈,0.0,0,0.0,0.0,0.0,0.0,0.0,0.0,0%,0%,0%,아프로시스템즈
355360,6센스플러스,3.0,2,3.0,2.5,4.0,3.5,3.0,2.5,50%,50%,0%,센스플러스
46757,가나안전자정밀(주),1.9,7,1.9,1.3,1.7,1.9,1.7,1.7,0%,14%,14%,가나안전자정밀
131302,에코시티(주),2.3,3,2.3,3.3,1.7,1.7,2.3,2.7,33%,67%,0%,에코시티
299289,필에스엔에스(주),2.0,1,2.0,2.0,3.0,1.0,3.0,3.0,0%,0%,0%,필에스엔에스
318202,(주)엘라코스메틱,1.8,4,1.8,2.0,2.0,2.0,2.3,2.0,0%,0%,0%,엘라코스메틱
65299,(주)에이비비코리아,3.3,443,3.3,2.9,3.6,3.3,3.0,2.3,57%,37%,17%,비코
347148,(주)케이제이인터내셔널,2.7,10,2.7,2.5,2.7,2.4,2.5,2.9,40%,60%,10%,케이제이인터내셔널
348416,(주)루트비,3.1,44,3.1,3.3,3.2,3.0,3.5,2.6,52%,57%,32%,루트비
226862,녹색농장영농조합법인,4.0,1,4.0,4.0,3.0,5.0,4.0,4.0,100%,100%,0%,녹색농장영농조합법인
341798,(주)케익모아,2.4,7,2.4,2.4,2.6,2.9,2.3,2.3,29%,29%,29%,케익모아
342221,(유)청아실업,2.7,3,2.7,2.7,3.0,1.3,2.0,2.7,0%,67%,0%,청아실업
39619,대영유비텍(주),2.4,70,2.4,1.9,2.9,2.6,2.7,2.2,26%,39%,24%,유비텍
107329,홍성산업(주),3.0,27,3.0,2.8,3.0,2.8,2.9,2.8,37%,48%,22%,홍성산업
73688,삼원피씨비,1.0,1,1.0,1.0,1.0,1.0,1.0,1.0,0%,0%,0%,삼원피씨비
316134,더원디앤씨(주),1.7,3,1.7,1.3,1.7,2.0,1.7,2.0,33%,33%,0%,더원디앤씨
342388,(주)셀젠텍,2.8,34,2.8,2.7,2.6,2.8,2.8,2.2,35%,35%,12%,비아이티
136437,예공종합건설(주),3.5,2,3.5,3.5,3.5,4.0,3.5,3.5,100%,100%,100%,예공종합건설
163418,영동건설(주),3.3,6,3.3,3.2,2.8,3.2,3.3,3.2,50%,100%,50%,영동건설
356,황태종가식품,0.0,0,0.0,0.0,0.0,0.0,0.0,0.0,0%,0%,0%,황태종가식품
343414,동해삼척태백축산농업협동조합,1.2,6,1.2,1.2,1.8,1.2,2.0,1.0,0%,0%,0%,태백축산
134512,에스엠아트컴퍼니(주),1.0,1,1.0,1.0,1.0,3.0,1.0,2.0,0%,0%,0%,에스엠아트
160222,유송타일(주),2.9,11,2.9,3.6,2.8,2.8,3.5,2.6,36%,55%,27%,유송타일
178193,삼공교역(주),0.0,0,0.0,0.0,0.0,0.0,0.0,0.0,0%,0%,0%,삼공교역
88797,사회복지법인어린이재단,3.4,437,3.4,3.3,3.6,3.2,2.5,2.4,64%,39%,18%,사회복지법인어린이재단
161834,아희안(주),0.0,0,0.0,0.0,0.0,0.0,0.0,0.0,0%,0%,0%,아희안
269412,한보엔지니어링(주),2.0,5,2.0,2.2,2.4,1.0,1.4,1.2,0%,20%,0%,한보엔지니어링
385557,(주)더블유더블유디코리아,3.0,19,3.0,2.9,2.4,3.3,3.6,3.2,53%,58%,53%,유디코
125569,대성토건(주),0.0,0,0.0,0.0,0.0,0.0,0.0,0.0,0%,0%,0%,대성토건
78798,(주)제이에스티나,2.2,537,2.2,2.1,2.4,2.0,2.4,1.8,21%,24%,6%,제이에스
315199,에버그린투자파트너스(유),0.0,0,0.0,0.0,0.0,0.0,0.0,0.0,0%,0%,0%,에버그린투자파트너스
329219,(주)진성리테일,2.0,13,2.0,1.8,1.8,1.9,2.0,1.8,15%,23%,15%,진성리테일
13236,인지에이엠티(주),2.2,74,2.2,2.2,2.2,2.4,2.7,2.0,18%,38%,7%,에이엠티
69694,(주)신호시스템,2.1,41,2.1,2.6,2.3,2.2,2.6,1.4,7%,7%,5%,신호시스템
288182,(주)큐엘파마,3.6,23,3.6,3.6,3.4,3.1,3.4,3.3,61%,70%,48%,큐엘
324281,(재)경기도농수산진흥원,2.3,33,2.3,2.2,2.6,2.6,2.0,2.0,24%,33%,3%,경기도농수산진흥원
399219,포스트모던,3.0,3,3.0,2.3,3.3,2.7,3.0,2.7,0%,33%,33%,포스트모던
372388,(주)한국웨딩주얼리,3.3,3,3.3,3.0,4.3,4.7,3.0,2.7,67%,67%,33%,한국웨딩주얼리
336647,(주)위제스트,2.2,23,2.2,2.0,2.4,1.8,2.4,1.8,9%,17%,13%,위제스
286923,(주)씨에스켐텍,1.0,2,1.0,1.0,3.0,3.0,1.0,1.0,0%,0%,0%,씨에스켐텍
197407,동인화학(주),2.4,5,2.4,2.0,2.6,2.6,2.2,2.0,20%,40%,20%,동인화학
285020,엔브이에이치오토파트(주),1.3,23,1.3,2.2,1.3,1.6,2.0,1.3,4%,13%,0%,오토파트
52828,(주)코비젼,2.6,258,2.6,2.6,2.5,2.6,2.8,2.1,27%,31%,11%,코비젼
110492,삼양화학실업(주),1.8,46,1.8,2.7,2.9,1.8,1.9,1.5,22%,13%,9%,삼양화학실업
40700,대경산업(주),2.6,7,2.6,1.7,2.3,2.0,2.7,1.9,0%,17%,0%,대경산업
92471,(주)비아이스트라코리아,2.3,55,2.3,2.1,1.9,2.5,2.8,2.1,20%,27%,18%,아이스트
290037,리스텍비즈(주),2.8,19,2.8,2.9,3.3,2.6,2.4,2.6,53%,37%,32%,리스텍비즈
159323,대방스페샬스틸(주),1.4,5,1.4,1.4,1.0,1.0,1.0,1.4,0%,20%,0%,대방스페샬스틸
168983,대아통상(주),0.0,0,0.0,0.0,0.0,0.0,0.0,0.0,0%,0%,0%,대아통상
191461,주신산업개발(주),2.0,2,2.0,1.5,2.0,2.5,3.0,2.5,50%,50%,50%,주신산업
121221,강호종합건설(주),0.0,0,0.0,0.0,0.0,0.0,0.0,0.0,0%,0%,0%,강호종합건설
232352,진백종합건설(주),0.0,0,0.0,0.0,0.0,0.0,0.0,0.0,0%,0%,0%,진백종합건설
69397,썬플라워리조트(주),0.0,0,0.0,0.0,0.0,0.0,0.0,0.0,0%,0%,0%,썬플라워리조트
107305,한도주택건설(주),0.0,0,0.0,0.0,0.0,0.0,0.0,0.0,0%,0%,0%,한도주택
293118,동신유압(주),2.4,52,2.4,2.0,3.1,3.0,3.1,2.1,21%,37%,10%,신유
48719,한국에바라정밀기계(주),3.3,125,3.3,3.6,2.9,2.5,2.9,2.6,54%,50%,34%,에바
124973,한성체리티(주),0.0,0,0.0,0.0,0.0,0.0,0.0,0.0,0%,0%,0%,한성체리티
245277,농업회사법인대영농원(주),4.0,1,4.0,4.0,5.0,4.0,3.0,4.0,100%,100%,100%,농업회사법인대영농원
246052,리소에코텍(주),0.0,0,0.0,0.0,0.0,0.0,0.0,0.0,0%,0%,0%,리소에코텍
63838,(주)엘케이시스템즈,1.0,2,1.0,1.0,3.0,2.5,3.0,2.0,0%,0%,0%,엘케이시스템즈
390982,(주)제이앤비텍스,1.0,5,1.0,1.2,1.0,1.0,2.0,1.4,0%,20%,0%,제이앤비텍
75892,(주)엘엑스판토스,3.4,780,3.4,3.2,3.5,3.3,3.1,2.7,66%,57%,36%,엘엑스
171067,아이넷피드(주),3.0,4,3.0,3.8,3.8,1.3,2.0,3.3,25%,75%,0%,아이넷피드
81691,대한애그리컬쳐,4.0,1,4.0,4.0,2.0,4.0,3.0,4.0,100%,100%,100%,대한애그리컬쳐
291729,지엠종합건설(주),0.0,0,0.0,0.0,0.0,0.0,0.0,0.0,0%,0%,0%,지엠종합건설
323350,제일학원,1.7,50,1.7,1.6,1.4,2.0,2.0,1.6,14%,20%,10%,제일학원
449347,(주)알루뱅크,1.0,1,1.0,1.0,1.0,1.0,2.0,1.0,0%,0%,0%,알루뱅크
356355,(주)뉴냅스,3.2,24,3.2,3.5,3.8,3.0,3.4,3.0,54%,58%,46%,뉴냅스
160320,성진레미콘(주),2.4,7,2.4,1.6,1.6,1.7,1.7,1.7,0%,0%,14%,성진레미콘
421988,한국산업안전보건기술원(주),2.0,4,2.0,2.3,3.3,1.5,2.5,1.5,25%,25%,25%,한국산업안전보건기술원
60425,(주)윌비에스엔티,2.5,52,2.5,2.7,2.0,2.4,2.4,2.1,27%,27%,25%,에스엔티
340400,(주)엠플렉스,3.2,6,3.2,3.7,3.7,3.5,3.5,2.8,17%,50%,33%,엠플렉스
161847,초원환경산업(주),5.0,1,5.0,1.0,3.0,5.0,1.0,3.0,0%,100%,0%,초원환경
382887,(주)케이엠아이테크,3.0,1,3.0,5.0,1.0,1.0,2.0,4.0,0%,100%,0%,케이엠아이테크
237190,탐스코리아(주),0.0,0,0.0,0.0,0.0,0.0,0.0,0.0,0%,0%,0%,탐스코리아
251977,하이넷네트웍스(주),2.0,3,2.0,2.0,1.3,1.7,1.7,1.7,0%,0%,0%,하이넷네트웍스
392137,(주)제이제이아이앤티,3.8,9,3.8,3.6,4.7,3.9,4.0,3.8,89%,78%,44%,제이제이아이앤티
12847,한림대학교강남성심병원,2.5,150,2.5,2.4,2.4,2.3,2.2,2.0,21%,23%,11%,일송
103665,동양키친나라(주),4.0,1,4.0,4.0,4.0,4.0,4.0,4.0,100%,100%,100%,동양키친나라
8131,충북개발공사,2.4,16,2.4,1.9,3.1,2.0,2.2,1.7,19%,13%,6%,충북개발공사
271888,어업회사법인간월도어리굴젓사업단(주),0.0,0,0.0,0.0,0.0,0.0,0.0,0.0,0%,0%,0%,간월도어리굴젓
343056,(주)하이텍검사,3.1,7,3.1,3.1,2.7,2.1,3.7,3.1,71%,71%,14%,하이텍검사
323593,에듀토셀,3.5,13,3.5,3.0,3.7,3.5,3.2,3.5,62%,62%,62%,에듀토셀
149505,신영전자통신(주),2.7,3,2.7,1.7,4.0,3.0,2.3,2.7,67%,67%,0%,신영전자
430298,(주)이지종합건설,1.0,1,1.0,1.0,1.0,1.0,1.0,1.0,0%,0%,0%,이지종합건설
408861,(주)코바엔지니어링,2.0,1,2.0,2.0,3.0,1.0,2.0,1.0,0%,0%,0%,코바엔지니어링
267674,마천스톤(주),0.0,0,0.0,0.0,0.0,0.0,0.0,0.0,0%,0%,0%,마천스톤
367420,세무법인 담솔,3.0,3,3.0,2.0,1.3,2.3,2.3,2.0,0%,67%,33%,세무법인담솔
55666,(주)지일이삼공교육,2.7,120,2.7,2.5,2.6,2.6,2.5,2.2,26%,31%,9%,지일
445580,이앤티스소재(주),0.0,0,0.0,0.0,0.0,0.0,0.0,0.0,0%,0%,0%,이앤티스소재
130058,다나에너지솔루션(주),0.0,0,0.0,0.0,0.0,0.0,0.0,0.0,0%,0%,0%,다나에너지
127286,파인바이오(주),0.0,0,0.0,0.0,0.0,0.0,0.0,0.0,0%,0%,0%,파인바이오
441661,(주)베리어스어패럴,0.0,0,0.0,0.0,0.0,0.0,0.0,0.0,0%,0%,0%,베리어스어패럴
214870,순신(주),0.0,0,0.0,0.0,0.0,0.0,0.0,0.0,0%,0%,0%,순신
367752,씨제이피드앤케어(주),2.6,85,2.6,2.9,2.5,2.5,2.8,2.2,25%,41%,11%,피드앤
253441,동우농산(주),1.8,55,1.8,1.7,1.9,1.9,1.8,1.7,7%,20%,7%,동우농산
415707,(주)미디컴웍스,2.2,5,2.2,3.0,2.2,2.4,3.0,1.2,0%,0%,0%,미디컴웍스
268402,한신종합건설(주),0.0,0,0.0,0.0,0.0,0.0,0.0,0.0,0%,0%,0%,한신종합건설
193128,삼정가스공업(주),1.2,5,1.2,1.0,1.0,1.0,1.0,1.0,0%,0%,0%,삼정가스공업
97819,고려진공안전(주),0.0,0,0.0,0.0,0.0,0.0,0.0,0.0,0%,0%,0%,고려진공안전
69965,(주)신영와코루,2.2,375,2.2,2.0,2.5,1.8,2.1,1.8,18%,33%,6%,신영
251581,상신프렌트(주),0.0,0,0.0,0.0,0.0,0.0,0.0,0.0,0%,0%,0%,상신프렌트
340439,(주)아리아스트레이드,3.3,12,3.3,2.3,3.0,2.9,2.7,2.8,25%,50%,33%,아리아스트레이드
156603,부경피엠씨(주),0.0,0,0.0,0.0,0.0,0.0,0.0,0.0,0%,0%,0%,부경피엠씨
39412,대원제약(주),3.0,566,3.0,3.7,2.9,2.5,2.9,3.0,46%,66%,37%,대원
82419,대덕피엔씨,3.0,2,3.0,2.0,1.5,2.0,2.0,2.0,0%,0%,0%,대덕피엔씨
32596,백통신원(주),2.0,1,2.0,1.0,1.0,1.0,1.0,1.0,0%,0%,0%,백통신원
357703,(주)경원해운,1.0,3,1.0,1.0,1.3,1.3,1.0,1.0,0%,0%,0%,경원해운
404443,마인즈그라운드(주),2.9,12,2.9,2.8,2.8,2.9,3.3,2.9,50%,50%,50%,마인즈그라운드
347173,(주)오프널,1.0,4,1.0,1.3,3.5,1.8,1.0,1.8,0%,0%,0%,오프널
353055,코드네이처(주),2.0,12,2.0,1.8,2.3,2.3,1.8,1.9,25%,25%,17%,코드네이처
272759,와이지테크(주),1.0,4,1.0,1.3,1.8,1.0,2.3,1.0,0%,0%,0%,와이지테크
180489,에스알그린텍(주),0.0,0,0.0,0.0,0.0,0.0,0.0,0.0,0%,0%,0%,알그린
462881,(주)알앤씨미디어,0.0,0,0.0,0.0,0.0,0.0,0.0,0.0,0%,0%,0%,알앤씨미디어
55508,(주)지앤피,2.8,69,2.8,3.0,2.5,2.6,2.4,2.4,46%,51%,10%,지앤피
103444,하나코스(주),2.5,31,2.5,2.0,2.5,2.2,2.4,2.1,26%,55%,16%,하나코스
171730,가람전기(주),4.0,2,4.0,3.5,4.0,4.0,4.0,4.0,50%,50%,50%,가람전기
250719,(주)보림에스앤피,1.0,3,1.0,1.0,1.7,2.0,1.0,1.3,0%,33%,0%,보림에스앤피
65325,(주)에이디테크놀로지,3.4,70,3.4,3.8,3.2,3.0,3.5,2.7,67%,66%,51%,이디테크
398164,(주)광명테크솔루션,2.5,2,2.5,2.0,2.0,3.0,2.5,2.5,0%,50%,0%,광명테크솔루션
90113,(재)부산정보산업진흥원,2.5,141,2.5,2.6,2.4,2.4,2.1,2.2,31%,39%,13%,보산
173336,(주)신해전기건설,1.4,5,1.4,1.4,1.4,1.8,1.6,1.6,20%,20%,20%,신해전기건설
220536,창성티앤씨(주),5.0,1,5.0,5.0,3.0,5.0,1.0,4.0,100%,0%,0%,창성티앤씨
391152,(주)에스엠월드트레이딩,4.0,1,4.0,3.0,3.0,4.0,3.0,4.0,0%,100%,0%,에스엠월드트레이딩
426679,얼리하이(주),3.0,1,3.0,3.0,3.0,4.0,3.0,4.0,100%,100%,0%,얼리하이
22732,아비바코리아(주),2.2,28,2.2,2.8,2.6,1.9,2.1,1.8,25%,22%,14%,비바코리아
383685,강서구 마을자치센터,3.0,1,3.0,4.0,4.0,3.0,2.0,2.0,0%,0%,0%,강서희망나눔복지재단
233643,서원건설(주),1.0,1,1.0,2.0,1.0,3.0,1.0,1.0,0%,0%,0%,서원건설
48202,한신단자공업(주),2.1,13,2.1,2.2,2.3,1.8,2.1,1.7,15%,15%,15%,한신단자공업
100266,케이티시앤지(주),3.0,1,3.0,3.0,3.0,3.0,3.0,3.0,0%,0%,0%,케이티시앤지
344866,농업회사법인(주)애간장,2.6,8,2.6,2.8,1.9,2.5,2.3,2.4,25%,38%,25%,애간장
242643,대명건설산업(주),3.0,1,3.0,2.0,3.0,2.0,2.0,2.0,0%,0%,0%,대명건설산업
180628,(주)영진산업,2.5,24,2.5,2.7,2.4,2.3,2.1,2.0,42%,46%,33%,영진산업
352565,(주)폴에이산업,1.0,1,1.0,1.0,1.0,1.0,1.0,1.0,0%,0%,0%,폴에이산업
212298,프라임씨앤씨(주),0.0,0,0.0,0.0,0.0,0.0,0.0,0.0,0%,0%,0%,프라임씨앤씨
375231,(주)부영일렉트로닉스,2.0,1,2.0,1.0,3.0,2.0,2.0,1.0,0%,0%,0%,부영일렉트로닉스
440034,(주)예반디앤씨,0.0,0,0.0,0.0,0.0,0.0,0.0,0.0,0%,0%,0%,와이피컴퍼니
342799,(주)스텔라컴퍼니,1.9,21,1.9,1.5,2.2,2.0,1.7,1.7,10%,19%,0%,스텔라컴퍼니
380982,(주)엔플러스이,0.0,0,0.0,0.0,0.0,0.0,0.0,0.0,0%,0%,0%,엔플러스이
313507,(주)에센루,2.8,131,2.8,2.5,3.3,2.9,2.9,2.6,40%,53%,24%,에센루
42332,내쇼날시스템(주),2.9,7,2.9,2.3,3.0,2.6,2.9,2.9,43%,43%,29%,내쇼날시스템
200458,태성공영(주),0.0,0,0.0,0.0,0.0,0.0,0.0,0.0,0%,0%,0%,태성공영
231485,둠밈건설(주),0.0,0,0.0,0.0,0.0,0.0,0.0,0.0,0%,0%,0%,둠밈건설
136405,(주)위드인천에너지,2.0,2,2.0,1.0,2.5,1.5,3.0,1.0,50%,50%,0%,미래엔인천에너지
99124,해우테크(주),0.0,0,0.0,0.0,0.0,0.0,0.0,0.0,0%,0%,0%,해우테크
413897,(주)태후코스메틱,3.0,1,3.0,3.0,4.0,3.0,3.0,3.0,100%,100%,0%,태후코스메틱
356264,(주)비치움,2.4,13,2.4,2.3,2.3,2.3,2.7,1.9,8%,15%,15%,비치움
48340,한빛소프트(주),2.6,210,2.6,2.0,3.0,2.6,2.3,2.0,25%,27%,6%,한빛
338836,씨제이나눔재단,3.7,9,3.7,3.6,3.4,3.3,3.2,3.3,78%,78%,33%,씨제이나눔재단
124600,에이스초음파(주),0.0,0,0.0,0.0,0.0,0.0,0.0,0.0,0%,0%,0%,에이스초음파
190790,메트로이엔씨(주),2.4,7,2.4,1.7,2.9,2.0,2.3,1.6,14%,29%,0%,메트로이엔씨
74151,(주)사세 서울지점,2.8,20,2.8,3.1,2.6,2.4,2.7,2.4,30%,40%,40%,사세통상
333277,(주)에스에스엔지니어링,1.7,3,1.7,1.7,1.7,2.3,1.7,3.0,0%,33%,0%,에스에스엔지니어링
238608,에스와이산업(주),0.0,0,0.0,0.0,0.0,0.0,0.0,0.0,0%,0%,0%,에스와이산업
32902,(주)바텍엠시스,2.1,58,2.1,2.2,2.0,2.4,2.1,1.7,19%,22%,5%,엠시스
112248,청운건설(주),0.0,0,0.0,0.0,0.0,0.0,0.0,0.0,0%,0%,0%,청운건설
335166,(주)엔터웹,3.0,12,3.0,3.0,3.8,2.8,3.1,3.0,42%,50%,33%,엔터웹
98777,아그네스수산(주),0.0,0,0.0,0.0,0.0,0.0,0.0,0.0,0%,0%,0%,아그네스수산
126143,아이피디(주),2.7,11,2.7,1.9,3.3,2.5,2.5,2.3,27%,36%,0%,아이피디
253960,우진텍크(주),0.0,0,0.0,0.0,0.0,0.0,0.0,0.0,0%,0%,0%,우진텍
100875,선진수산영어조합법인,0.0,0,0.0,0.0,0.0,0.0,0.0,0.0,0%,0%,0%,선진수산
421618,(재)대전과학산업진흥원,1.0,1,1.0,3.0,4.0,1.0,1.0,1.0,0%,0%,0%,대전과학산업진흥원
63111,영공방,2.7,3,2.7,2.3,3.7,2.3,3.3,2.0,67%,67%,0%,영공방
425117,(주)요필,2.5,2,2.5,2.0,3.0,1.0,3.0,1.0,0%,50%,0%,요필
391808,(주)넷타겟,3.5,11,3.5,4.5,4.6,4.1,3.8,3.2,55%,45%,45%,넷타겟
50123,(주)글로우원,2.5,115,2.5,2.7,3.4,2.7,2.5,2.2,18%,30%,5%,코엘
378899,(주)아이시티정보,4.2,5,4.2,3.4,3.6,3.0,2.6,2.0,40%,40%,0%,아이시티정보
348802,(주)백광테크,2.2,13,2.2,2.0,2.0,2.3,2.1,1.8,15%,31%,0%,백광테크
13629,이지케어텍(주),2.8,376,2.8,2.9,2.6,2.6,2.8,2.4,39%,52%,24%,어텍
374625,(주)로로스키니,1.0,1,1.0,2.0,5.0,3.0,1.0,1.0,0%,0%,0%,로로스키니
215902,동일이앤시(주),3.0,1,3.0,2.0,3.0,2.0,3.0,3.0,0%,0%,100%,동일이앤시
381523,에이피트바이오(주),2.0,4,2.0,2.3,3.0,2.8,2.0,2.3,25%,25%,25%,에이피트바이오
253482,동성사무기기(주),4.0,1,4.0,4.0,4.0,4.0,3.0,4.0,100%,100%,0%,동성사무기기
13126,인터베스트(주),3.0,1,3.0,3.0,3.0,2.0,3.0,3.0,0%,0%,0%,인터베스트
335788,(주)더스카이팜,3.1,16,3.1,2.8,2.7,2.8,2.8,2.4,19%,44%,13%,카이팜
396957,(주)디에스티이엔지,0.0,0,0.0,0.0,0.0,0.0,0.0,0.0,0%,0%,0%,디에스티이엔지
68858,씨엠글로벌,0.0,0,0.0,0.0,0.0,0.0,0.0,0.0,0%,0%,0%,씨엠글로벌
200966,중앙통신건설(주),0.0,0,0.0,0.0,0.0,0.0,0.0,0.0,0%,0%,0%,중앙통신건설
190051,금성케이엔티(주),1.7,3,1.7,2.0,2.0,1.0,2.0,1.3,0%,0%,0%,금성케이엔티
1972,한황산업(주),2.1,41,2.1,2.4,1.7,2.1,2.2,2.0,15%,29%,22%,황산
256209,사회복지법인아모레퍼시픽복지재단,0.0,0,0.0,0.0,0.0,0.0,0.0,0.0,0%,0%,0%,사회복지법인아모레퍼시픽복지재단
341810,(주)에이브앱,3.2,6,3.2,3.0,3.3,3.5,3.0,3.0,83%,67%,33%,에이브앱
127426,덕산테코피아(주),2.5,145,2.5,2.6,2.4,2.3,2.6,2.2,26%,40%,30%,덕산
54691,(주)차이커뮤니케이션,2.4,649,2.4,2.1,2.0,2.3,2.9,2.0,24%,35%,21%,차이커뮤니케이션
294674,디에이치(주),2.1,50,2.1,2.7,1.5,1.8,2.8,1.7,12%,31%,6%,미주
266831,신우시앤시코리아(주),5.0,1,5.0,5.0,5.0,5.0,5.0,5.0,100%,100%,100%,시앤시코리아
453791,(주)드림시티건설,1.0,1,1.0,3.0,3.0,1.0,1.0,1.0,0%,0%,0%,드림시티건설
20061,에이투케이에이치에스,3.7,3,3.7,3.7,3.3,4.3,4.0,3.0,33%,100%,33%,케이에이치에스
56675,제이스테크,0.0,0,0.0,0.0,0.0,0.0,0.0,0.0,0%,0%,0%,제이스테크
319175,바비레드 (매장),3.1,32,3.1,2.7,2.8,3.4,3.1,2.8,53%,50%,50%,티씨엔씨
260309,에코원테크놀로지(주),3.0,1,3.0,3.0,4.0,3.0,3.0,3.0,0%,0%,0%,에코원테크놀로지
274756,지씨텍(주),0.0,0,0.0,0.0,0.0,0.0,0.0,0.0,0%,0%,0%,지씨텍
47012,(주)휴먼아이씨티,2.6,67,2.6,2.6,3.2,2.8,2.7,2.1,21%,37%,22%,휴먼아이
44083,그린스타,0.0,0,0.0,0.0,0.0,0.0,0.0,0.0,0%,0%,0%,그린스타
322688,(주)팡홀딩스,2.1,21,2.1,1.7,4.0,2.3,2.4,1.6,0%,10%,0%,팡홀딩스
5757,토탈미디어그램(주),2.8,20,2.8,2.5,2.6,2.5,3.1,2.5,35%,59%,15%,토탈미디어그램
313492,(주)엠스토리허브,2.6,68,2.6,2.2,2.8,2.7,2.6,2.5,29%,57%,34%,엠스토리허브
111689,극동정보통신(주),0.0,0,0.0,0.0,0.0,0.0,0.0,0.0,0%,0%,0%,극동정보통신
127565,에스씨티(주),3.0,63,3.0,2.4,3.0,2.8,3.0,2.6,37%,43%,19%,에스씨티
101306,다움테크(주),0.0,0,0.0,0.0,0.0,0.0,0.0,0.0,0%,0%,0%,다움테크
235352,동성삼우국제여행사(주),2.7,6,2.7,1.8,2.5,2.7,3.0,2.8,33%,50%,17%,국제여행사
48292,(주)한성아이티엘,3.5,63,3.5,3.4,2.9,3.3,3.4,2.8,68%,54%,21%,이티엘
323711,(주)남원터보원,2.7,18,2.7,2.5,2.9,2.3,2.6,2.2,22%,33%,22%,남원터보원
201786,동양투어(주),0.0,0,0.0,0.0,0.0,0.0,0.0,0.0,0%,0%,0%,동양투어
18596,영보직물(주),2.4,7,2.4,1.9,3.9,2.6,2.6,2.6,29%,50%,0%,영보직물
149216,제이콥아이앤디(주),0.0,0,0.0,0.0,0.0,0.0,0.0,0.0,0%,0%,0%,제이콥아이앤디
398757,(주)에스엔피테크이엔지,1.0,2,1.0,3.0,3.0,2.0,5.0,1.0,0%,0%,0%,에스엔피테크
387377,(주)제이브로스,2.6,9,2.6,2.2,2.3,2.4,2.2,1.9,0%,22%,0%,제이브로
399029,(주)메디칼에코넷아시아퍼시픽,0.0,0,0.0,0.0,0.0,0.0,0.0,0.0,0%,0%,0%,메디칼에코넷아시아퍼시픽
389507,(주)큐어라이프,2.5,2,2.5,1.5,2.5,3.0,3.0,3.0,50%,50%,50%,큐어라이프
238857,(주)인포랑,2.3,69,2.3,1.8,2.6,2.4,2.5,1.9,22%,22%,10%,인포랑
107804,에스지종합건설(주),0.0,0,0.0,0.0,0.0,0.0,0.0,0.0,0%,0%,0%,에스지종합건설
298443,은진하이테크(유),0.0,0,0.0,0.0,0.0,0.0,0.0,0.0,0%,0%,0%,은진하이테크
70076,(주)신성화학,2.1,9,2.1,2.2,2.6,1.7,2.7,2.3,11%,44%,11%,신성화학
369035,(재)코리아문화수도조직위원회,1.5,2,1.5,1.5,1.5,1.0,2.5,2.0,0%,50%,0%,코리아문화수도조직위원회
272864,세기유통(주),0.0,0,0.0,0.0,0.0,0.0,0.0,0.0,0%,0%,0%,세기유통
395714,김포에이치병원,2.7,7,2.7,2.6,3.0,2.4,2.0,2.3,43%,43%,29%,포에이치
310023,한국기술지원(주),2.5,4,2.5,2.0,2.3,2.3,3.3,2.0,25%,0%,0%,한국기술지원
366025,엘에이치주거복지정보(주),2.8,64,2.8,2.4,3.5,2.7,2.2,2.3,27%,38%,13%,엘에이치주거복지정보
413574,세무법인 송정티앤씨,2.7,3,2.7,1.3,1.7,2.0,2.7,2.0,0%,33%,0%,세무법인송정 공단지점(세무사 박행웅)
82582,(주)디에스단석,2.2,345,2.2,2.4,1.9,1.9,2.3,2.0,15%,33%,32%,단석산업 군산1공장
386747,(주)목경,2.0,1,2.0,4.0,4.0,1.0,1.0,3.0,0%,0%,100%,목경
417270,(주)브러쉬이십일,2.0,1,2.0,1.0,1.0,3.0,1.0,1.0,0%,0%,0%,브러쉬이십일
78988,(주)레드커뮤니케이션즈,2.0,89,2.0,1.6,1.9,2.1,2.3,1.6,16%,14%,3%,레드커뮤니케이션즈
271591,현대무역(주),1.0,1,1.0,1.0,1.0,1.0,1.0,1.0,0%,0%,0%,현대무역
285153,제드윈(주),0.0,0,0.0,0.0,0.0,0.0,0.0,0.0,0%,0%,0%,제드윈
